first_layer_size,num_hidden_layers,activation,dropout_rate,optimizer,learning_rate,batch_size,epochs,accuracy,f1,val_loss,epochs_trained
64,2,relu,0.0,adam,0.001,32,50,0.9470490899062327,0.7735849056603774,0.0884411409497261,14
64,2,relu,0.0,adam,0.01,32,50,0.9453943739658025,0.7543424317617866,0.08167938143014908,11
64,2,relu,0.3,adam,0.001,32,50,0.9442912300055157,0.7634660421545667,0.08374262601137161,20
64,2,relu,0.3,adam,0.01,32,50,0.9503585217870932,0.7945205479452054,0.08048079162836075,14
64,3,relu,0.0,adam,0.001,32,50,0.9459459459459459,0.7699530516431925,0.08900439739227295,16
64,3,relu,0.0,adam,0.01,32,50,0.9476006618863761,0.7677261613691931,0.07434965670108795,11
64,3,relu,0.3,adam,0.001,32,50,0.9453943739658025,0.7659574468085106,0.0777190774679184,24
64,3,relu,0.3,adam,0.01,32,50,0.9536679536679536,0.8125,0.07463834434747696,18
