first_layer_size,num_hidden_layers,activation,dropout_rate,optimizer,learning_rate,batch_size,epochs,accuracy,f1,val_loss,epochs_trained
64,2,relu,0.0,adam,0.001,32,50,0.9689621726479146,0.875968992248062,0.07881153374910355,19
64,2,relu,0.0,adam,0.01,32,50,0.9689621726479146,0.8764478764478765,0.0739661380648613,15
64,2,relu,0.3,adam,0.001,32,50,0.9684772065955383,0.8707753479125249,0.07832557708024979,28
64,2,relu,0.3,adam,0.01,32,50,0.9670223084384093,0.8671875,0.08460001647472382,11
64,3,relu,0.0,adam,0.001,32,50,0.966537342386033,0.8665377176015474,0.07940642535686493,15
64,3,relu,0.0,adam,0.01,32,50,0.9660523763336566,0.8565573770491803,0.08094223588705063,9
64,3,relu,0.3,adam,0.001,32,50,0.9660523763336566,0.8627450980392157,0.08266086131334305,15
64,3,relu,0.3,adam,0.01,32,50,0.9689621726479146,0.8764478764478765,0.07878255099058151,17
