first_layer_size,num_hidden_layers,activation,dropout_rate,optimizer,learning_rate,batch_size,epochs,accuracy,f1,val_loss,epochs_trained
64,2,relu,0.0,adam,0.001,32,50,0.9851668726823238,0.9183673469387755,0.029787717387080193,10
64,2,relu,0.0,adam,0.01,32,50,0.9826946847960445,0.9066666666666666,0.03683044761419296,7
64,2,relu,0.3,adam,0.001,32,50,0.9857849196538937,0.9220338983050848,0.03491254523396492,14
64,2,relu,0.3,adam,0.01,32,50,0.9826946847960445,0.9066666666666666,0.033551525324583054,16
64,3,relu,0.0,adam,0.001,32,50,0.9833127317676144,0.9090909090909091,0.03390331193804741,11
64,3,relu,0.0,adam,0.01,32,50,0.9826946847960445,0.9078947368421053,0.04035450518131256,6
64,3,relu,0.3,adam,0.001,32,50,0.9839307787391842,0.9121621621621622,0.03376753628253937,16
64,3,relu,0.3,adam,0.01,32,50,0.9826946847960445,0.9066666666666666,0.03333544731140137,14
