first_layer_size,num_hidden_layers,activation,dropout_rate,optimizer,learning_rate,batch_size,epochs,accuracy,f1,val_loss,epochs_trained
64,2,relu,0.0,adam,0.001,32,50,0.9826666666666667,0.8931506849315068,0.03357155993580818,23
64,2,relu,0.0,adam,0.01,32,50,0.9848888888888889,0.9105263157894737,0.02978970855474472,10
64,2,relu,0.3,adam,0.001,32,50,0.9831111111111112,0.9015544041450777,0.034327734261751175,32
64,2,relu,0.3,adam,0.01,32,50,0.9844444444444445,0.9095607235142119,0.028514722362160683,31
64,3,relu,0.0,adam,0.001,32,50,0.9808888888888889,0.8847184986595175,0.032060734927654266,21
64,3,relu,0.0,adam,0.01,32,50,0.9835555555555555,0.9013333333333333,0.02423480898141861,20
64,3,relu,0.3,adam,0.001,32,50,0.9844444444444445,0.9071618037135278,0.03246067464351654,44
64,3,relu,0.3,adam,0.01,32,50,0.9835555555555555,0.9033942558746736,0.032314252108335495,24
