Cohort,Model_Type,Accuracy,Precision,Recall,F1_Score,AUC
1,tuned,0.9875555555555555,0.90625,0.9456521739130435,0.925531914893617,0.9981112420556422
2,tuned,0.972356935014549,0.8837209302325582,0.8941176470588236,0.8888888888888888,0.9917163102097508
3,tuned,0.9547710976282405,0.7459016393442623,0.900990099009901,0.8161434977578476,0.9815070892564116
4,tuned,0.988257107540173,0.9645390070921985,0.9066666666666666,0.9347079037800687,0.9962079927338783
