Cohort,Accuracy,Precision,Recall,F1 Score,AUC
1,0.9853333333333333,0.8793969849246231,0.9510869565217391,0.9138381201044387,0.9971089902773687
2,0.9699321047526673,0.8844621513944223,0.8705882352941177,0.8774703557312253,0.9921416712783618
3,0.9509100937672367,0.7729468599033816,0.7920792079207921,0.78239608801956,0.9812950568799897
4,0.984548825710754,0.9432624113475178,0.8866666666666667,0.9140893470790378,0.9964986376021798
