Cohort,Accuracy,Precision,Recall,F1 Score,AUC
1,0.9293333333333333,0.5816993464052288,0.483695652173913,0.5281899109792285,0.9550854413064522
2,0.9539282250242483,0.8603603603603603,0.7490196078431373,0.80083857442348,0.9753485899063555
3,0.9012686155543298,0.5696969696969697,0.46534653465346537,0.5122615803814714,0.9235638647663648
4,0.984548825710754,0.9310344827586207,0.9,0.9152542372881356,0.9963124432334242
