Cohort,Accuracy,Precision,Recall,F1 Score,AUC
1,0.9844444444444445,0.8706467661691543,0.9510869565217391,0.9090909090909091,0.996719664127278
2,0.9718719689621726,0.8832684824902723,0.8901960784313725,0.88671875,0.9924693729179552
3,0.9509100937672367,0.7533632286995515,0.8316831683168316,0.7905882352941176,0.98127661928204
4,0.9826946847960445,0.9357142857142857,0.8733333333333333,0.903448275862069,0.9962897366030882
